Rgtec #31, Subrec #A,
Rec #31, Subrec #B,
Rec #31, Subrec #C,
Rec #31, Subrec #D,
Rec #31, Subrec #E,
Rec #31, Subrec #F,
Rec #32, Subrec #A,
Rec #32, Subrec #B,
Rec #32, Subrec #C,
Rec #32, Subrec #D,
Rec #32, Subrec #E,
Rec #32, Subrec #F,
Rec #32, Subrec #G,
Rec #33, Subrec #A,
Rec #33, Subrec #B,
Rec #33, Subrec #C,
Rec #33, Subrec #D,
Rec #33, Subrec #E,
Rec #33, Subrec #F,
Rec #33, Subrec #G,
Rec #34, Subrec #A,
Rec #34, Subrec #B,
Rec #34, Subrec #C,
Rec #34, Subrec #D,
Rec #34, Subrec #E,
Rec #34, Subrec #F,
Rec #34, Subrec #G,
Rec #35, Subrec #A,
Rec #35, Subrec #B,
Rec #35, Subrec #C,
Rec #35, Subrec #D,
Rec #35, Subrec #E,
Rec #35, Subrec #F,
Rec #35, Subrec #G,
Rec #36, Subrec #A,
Rec #36, Subrec #B,
Rec #36, Subrec #C,
Rec #36, Subrec #D,
Rec #36, Subrec #E,
Rec #36, Subrec #F,
Rec #36, Subrec #G,
Rec #37, Subrec #A,
Rec #37, Subrec #B,
Rec #37, Subrec #C,
Rec #37, Subrec #D,
Rec #37, Subrec #E,
Rec #37, Subrec #F,
Rec #37, Subrec #G,
Rec #37, Subrec #G,
Rec #51, Subrec #A,
Rec #51, Subrec #B,
Rec #51, Subrec #C,
Rec #51, Subrec #D,
Rec #51, Subrec #E,
Rec #51, Subrec #F,
Rec #52, Subrec #A,
Rec #52, Subrec #B,
Rec #52, Subrec #C,
Rec #52, Subrec #D,
Rec #52, Subrec #E,
Rec #52, Subrec #F,
Rec #52, Subrec #G,
Rec #53, Subrec #A,
Rec #53, Subrec #B,
Rec #53, Subrec #C,
Rec #53, Subrec #D,
Rec #53, Subrec #E,
Rec #53, Subrec #F,
Rec #53, Subrec #G,
Rec #54, Subrec #A,
Rec #54, Subrec #B,
Rec #54, Subrec #C,
Rec #54, Subrec #D,
Rec #54, Subrec #E,
Rec #54, Subrec #F,
Rec #54, Subrec #G,
Rec #55, Subrec #A,
Rec #55, Subrec #B,
Rec #55, Subrec #C,
Rec #55, Subrec #D,
Rec #55, Subrec #E,
Rec #55, Subrec #F,
Rec #55, Subrec #G,
Rec #56, Subrec #A,
Rec #56, Subrec #B,
Rec #56, Subrec #C,
Rec #56, Subrec #D,
Rec #56, Subrec #E,
Rec #56, Subrec #F,
Rec #56, Subrec #G,
Rec #57, Subrec #A,
Rec #57, Subrec #B,
Rec #57, Subrec #C,
Rec #57, Subrec #D,
Rec #57, Subrec #E,
Rec #57, Subrec #F,
Rec #57, Subrec #G,
Rec #57, Subrec #G,
